-- 初始化数据来自 aisoftoj-front 固定 mock 数据
-- 说明：试卷与题目关联为演示用映射，当前将系统架构设计师题目关联到所有系统架构师真题试卷
SET NAMES utf8mb4;

DELETE FROM user_wrong_question_stat;
DELETE FROM practice_session_question_record;
DELETE FROM practice_session;
DELETE FROM paper_question_relation;
DELETE FROM question;
DELETE FROM paper;
DELETE FROM user;

INSERT INTO user (id, phone, email, login_name, nick_name, avatar, password, is_enabled, is_deleted, create_time, update_time) VALUES (1, '13800138000', 'student@example.com', 'student123', '软考小能手', 'https://api.dicebear.com/7.x/avataaars/svg?seed=student123', NULL, 1, 0, NOW(), NOW());

INSERT INTO paper (id, front_mock_id, subject_id, subject_name, paper_cate_id, paper_year, paper_month, name, order_num, question_total, read_ct, publish_status, mock_status, completed_count, source_type, is_deleted, create_time, update_time) VALUES (101, 'sa-2025-05-basic', 2, '系统架构设计师', 1, 2025, 5, '2025年5月系统架构设计师综合知识真题', 1, 75, 1414, 1, 'in_progress', 45, 'mock', 0, STR_TO_DATE('2025/10/3 22:35:00', '%Y/%c/%e %H:%i:%s'), STR_TO_DATE('2025/10/3 22:35:00', '%Y/%c/%e %H:%i:%s'));
INSERT INTO paper (id, front_mock_id, subject_id, subject_name, paper_cate_id, paper_year, paper_month, name, order_num, question_total, read_ct, publish_status, mock_status, completed_count, source_type, is_deleted, create_time, update_time) VALUES (102, 'sa-2024-11-basic', 2, '系统架构设计师', 1, 2024, 11, '2024年11月系统架构设计师综合知识真题', 2, 76, 1071, 1, 'in_progress', 32, 'mock', 0, STR_TO_DATE('2025/10/3 16:59:32', '%Y/%c/%e %H:%i:%s'), STR_TO_DATE('2025/10/3 16:59:32', '%Y/%c/%e %H:%i:%s'));
INSERT INTO paper (id, front_mock_id, subject_id, subject_name, paper_cate_id, paper_year, paper_month, name, order_num, question_total, read_ct, publish_status, mock_status, completed_count, source_type, is_deleted, create_time, update_time) VALUES (103, 'sa-2024-05-basic', 2, '系统架构设计师', 1, 2024, 5, '2024年5月系统架构设计师综合知识真题', 3, 62, 611, 1, 'in_progress', 15, 'mock', 0, STR_TO_DATE('2025/10/2 19:21:16', '%Y/%c/%e %H:%i:%s'), STR_TO_DATE('2025/10/2 19:21:16', '%Y/%c/%e %H:%i:%s'));
INSERT INTO paper (id, front_mock_id, subject_id, subject_name, paper_cate_id, paper_year, paper_month, name, order_num, question_total, read_ct, publish_status, mock_status, completed_count, source_type, is_deleted, create_time, update_time) VALUES (104, 'sa-2023-basic', 2, '系统架构设计师', 1, 2023, 11, '2023年11月系统架构设计师综合知识真题', 4, 65, 474, 1, 'in_progress', 28, 'mock', 0, STR_TO_DATE('2025/10/3 21:20:56', '%Y/%c/%e %H:%i:%s'), STR_TO_DATE('2025/10/3 21:20:56', '%Y/%c/%e %H:%i:%s'));
INSERT INTO paper (id, front_mock_id, subject_id, subject_name, paper_cate_id, paper_year, paper_month, name, order_num, question_total, read_ct, publish_status, mock_status, completed_count, source_type, is_deleted, create_time, update_time) VALUES (105, 'sa-2022-basic', 2, '系统架构设计师', 1, 2022, 11, '2022年11月系统架构设计师综合知识真题', 5, 75, 313, 1, 'in_progress', 12, 'mock', 0, STR_TO_DATE('2025/10/3 06:15:41', '%Y/%c/%e %H:%i:%s'), STR_TO_DATE('2025/10/3 06:15:41', '%Y/%c/%e %H:%i:%s'));
INSERT INTO paper (id, front_mock_id, subject_id, subject_name, paper_cate_id, paper_year, paper_month, name, order_num, question_total, read_ct, publish_status, mock_status, completed_count, source_type, is_deleted, create_time, update_time) VALUES (106, 'sa-2021-basic', 2, '系统架构设计师', 1, 2021, 11, '2021年11月系统架构设计师综合知识真题', 6, 73, 264, 1, 'in_progress', 20, 'mock', 0, STR_TO_DATE('2025/10/3 17:45:10', '%Y/%c/%e %H:%i:%s'), STR_TO_DATE('2025/10/3 17:45:10', '%Y/%c/%e %H:%i:%s'));
INSERT INTO paper (id, front_mock_id, subject_id, subject_name, paper_cate_id, paper_year, paper_month, name, order_num, question_total, read_ct, publish_status, mock_status, completed_count, source_type, is_deleted, create_time, update_time) VALUES (107, 'sa-2020-basic', 2, '系统架构设计师', 1, 2020, 11, '2020年11月系统架构设计师综合知识真题', 7, 67, 207, 1, 'not_started', 0, 'mock', 0, STR_TO_DATE('2025/10/3 16:28:47', '%Y/%c/%e %H:%i:%s'), STR_TO_DATE('2025/10/3 16:28:47', '%Y/%c/%e %H:%i:%s'));
INSERT INTO paper (id, front_mock_id, subject_id, subject_name, paper_cate_id, paper_year, paper_month, name, order_num, question_total, read_ct, publish_status, mock_status, completed_count, source_type, is_deleted, create_time, update_time) VALUES (108, 'sa-2019-basic', 2, '系统架构设计师', 1, 2019, 11, '2019年11月系统架构设计师综合知识真题', 8, 72, 177, 1, 'in_progress', 8, 'mock', 0, STR_TO_DATE('2025/10/2 22:23:10', '%Y/%c/%e %H:%i:%s'), STR_TO_DATE('2025/10/2 22:23:10', '%Y/%c/%e %H:%i:%s'));
INSERT INTO paper (id, front_mock_id, subject_id, subject_name, paper_cate_id, paper_year, paper_month, name, order_num, question_total, read_ct, publish_status, mock_status, completed_count, source_type, is_deleted, create_time, update_time) VALUES (109, 'sa-2018-basic', 2, '系统架构设计师', 1, 2018, 11, '2018年11月系统架构设计师综合知识真题', 9, 75, 119, 1, 'not_started', 0, 'mock', 0, STR_TO_DATE('2025/10/3 09:58:01', '%Y/%c/%e %H:%i:%s'), STR_TO_DATE('2025/10/3 09:58:01', '%Y/%c/%e %H:%i:%s'));
INSERT INTO paper (id, front_mock_id, subject_id, subject_name, paper_cate_id, paper_year, paper_month, name, order_num, question_total, read_ct, publish_status, mock_status, completed_count, source_type, is_deleted, create_time, update_time) VALUES (110, 'sa-2017-basic', 2, '系统架构设计师', 1, 2017, 11, '2017年11月系统架构设计师综合知识真题', 10, 73, 92, 1, 'not_started', 0, 'mock', 0, STR_TO_DATE('2025/10/2 18:01:22', '%Y/%c/%e %H:%i:%s'), STR_TO_DATE('2025/10/2 18:01:22', '%Y/%c/%e %H:%i:%s'));
INSERT INTO paper (id, front_mock_id, subject_id, subject_name, paper_cate_id, paper_year, paper_month, name, order_num, question_total, read_ct, publish_status, mock_status, completed_count, source_type, is_deleted, create_time, update_time) VALUES (111, 'sa-2016-basic', 2, '系统架构设计师', 1, 2016, 11, '2016年11月系统架构设计师综合知识真题', 11, 75, 76, 1, 'not_started', 0, 'mock', 0, STR_TO_DATE('2025/9/30 22:03:22', '%Y/%c/%e %H:%i:%s'), STR_TO_DATE('2025/9/30 22:03:22', '%Y/%c/%e %H:%i:%s'));
INSERT INTO paper (id, front_mock_id, subject_id, subject_name, paper_cate_id, paper_year, paper_month, name, order_num, question_total, read_ct, publish_status, mock_status, completed_count, source_type, is_deleted, create_time, update_time) VALUES (112, 'sa-2015-basic', 2, '系统架构设计师', 1, 2015, 11, '2015年11月系统架构设计师综合知识真题', 12, 75, 76, 1, 'not_started', 0, 'mock', 0, STR_TO_DATE('2025/10/1 21:44:29', '%Y/%c/%e %H:%i:%s'), STR_TO_DATE('2025/10/1 21:44:29', '%Y/%c/%e %H:%i:%s'));

INSERT INTO question (id, front_mock_id, subject_name, category_name, paper_year, name, intro, options, answer, analysis, question_type, difficulty, source_type, is_deleted, read_ct, create_time, update_time) VALUES (1001, 'sd001', '软件设计师', '计算机系统基础', 2023, '在32位计算机系统中，若采用字节编址，则可访问的内存空间最大为（）。', '在32位计算机系统中，若采用字节编址，则可访问的内存空间最大为（）。
选项：A. 2GB B. 4GB C. 8GB D. 16GB', '["2GB","4GB","8GB","16GB"]', '4GB', '32位地址总线可以表示2^32个不同的地址，每个地址对应1字节，因此最大寻址空间为2^32字节=4GB。', 1, 2, 'mock', 0, 0, NOW(), NOW());
INSERT INTO question (id, front_mock_id, subject_name, category_name, paper_year, name, intro, options, answer, analysis, question_type, difficulty, source_type, is_deleted, read_ct, create_time, update_time) VALUES (1002, 'sd002', '软件设计师', '计算机系统基础', 2023, 'CPU的组成包括（）。', 'CPU的组成包括（）。
选项：A. 运算器和控制器 B. 运算器和存储器 C. 控制器和存储器 D. 输入设备和输出设备', '["运算器和控制器","运算器和存储器","控制器和存储器","输入设备和输出设备"]', '运算器和控制器', 'CPU（中央处理器）主要由运算器（ALU）和控制器（CU）组成，负责执行指令和控制计算机各部件的工作。', 1, 1, 'mock', 0, 0, NOW(), NOW());
INSERT INTO question (id, front_mock_id, subject_name, category_name, paper_year, name, intro, options, answer, analysis, question_type, difficulty, source_type, is_deleted, read_ct, create_time, update_time) VALUES (1003, 'sd003', '软件设计师', '操作系统', 2022, '操作系统的主要功能包括（）。', '操作系统的主要功能包括（）。
选项：A. 进程管理 B. 内存管理 C. 文件管理 D. 设备管理 E. 网络管理', '["进程管理","内存管理","文件管理","设备管理","网络管理"]', '进程管理,内存管理,文件管理,设备管理', '操作系统的四大主要功能是进程管理、内存管理、文件管理和设备管理。网络管理通常不被认为是操作系统的基本功能。', 2, 2, 'mock', 0, 0, NOW(), NOW());
INSERT INTO question (id, front_mock_id, subject_name, category_name, paper_year, name, intro, options, answer, analysis, question_type, difficulty, source_type, is_deleted, read_ct, create_time, update_time) VALUES (1004, 'sd004', '软件设计师', '数据结构', 2023, '栈是一种先进先出（FIFO）的数据结构。', '栈是一种先进先出（FIFO）的数据结构。
选项：A. 正确 B. 错误', '["正确","错误"]', '错误', '栈是一种后进先出（LIFO）的数据结构，最后入栈的元素最先出栈。先进先出（FIFO）是队列的特性。', 3, 1, 'mock', 0, 0, NOW(), NOW());
INSERT INTO question (id, front_mock_id, subject_name, category_name, paper_year, name, intro, options, answer, analysis, question_type, difficulty, source_type, is_deleted, read_ct, create_time, update_time) VALUES (1005, 'sd005', '软件设计师', '数据结构', 2022, '对于n个元素的完全二叉树，其叶子节点的个数为（）。', '对于n个元素的完全二叉树，其叶子节点的个数为（）。
选项：A. ⌊n/2⌋ B. ⌈n/2⌉ C. ⌊(n+1)/2⌋ D. ⌈(n+1)/2⌉', '["⌊n/2⌋","⌈n/2⌉","⌊(n+1)/2⌋","⌈(n+1)/2⌉"]', '⌈n/2⌉', '在完全二叉树中，叶子节点个数等于⌈n/2⌉，其中n是总节点数。这可以通过数学归纳法证明。', 1, 3, 'mock', 0, 0, NOW(), NOW());
INSERT INTO question (id, front_mock_id, subject_name, category_name, paper_year, name, intro, options, answer, analysis, question_type, difficulty, source_type, is_deleted, read_ct, create_time, update_time) VALUES (1006, 'sa001', '系统架构设计师', '系统架构设计基础', 2023, '在微服务架构中，服务间通信常用的协议是（）。', '在微服务架构中，服务间通信常用的协议是（）。
选项：A. HTTP/REST B. RPC C. 消息队列 D. 以上都是', '["HTTP/REST","RPC","消息队列","以上都是"]', '以上都是', '微服务架构中，服务间通信可以采用多种协议：HTTP/REST用于同步通信，RPC提供高性能调用，消息队列用于异步通信。', 1, 2, 'mock', 0, 0, NOW(), NOW());
INSERT INTO question (id, front_mock_id, subject_name, category_name, paper_year, name, intro, options, answer, analysis, question_type, difficulty, source_type, is_deleted, read_ct, create_time, update_time) VALUES (1007, 'sa002', '系统架构设计师', '分布式系统', 2022, 'CAP定理中的三个要素包括（）。', 'CAP定理中的三个要素包括（）。
选项：A. 一致性(Consistency) B. 可用性(Availability) C. 分区容错性(Partition tolerance) D. 性能(Performance) E. 扩展性(Scalability)', '["一致性(Consistency)","可用性(Availability)","分区容错性(Partition tolerance)","性能(Performance)","扩展性(Scalability)"]', '一致性(Consistency),可用性(Availability),分区容错性(Partition tolerance)', 'CAP定理指出分布式系统只能同时保证一致性、可用性、分区容错性中的两个，无法三者兼得。', 2, 3, 'mock', 0, 0, NOW(), NOW());
INSERT INTO question (id, front_mock_id, subject_name, category_name, paper_year, name, intro, options, answer, analysis, question_type, difficulty, source_type, is_deleted, read_ct, create_time, update_time) VALUES (1008, 'db001', '数据库系统工程师', '数据库基础', 2023, '关系数据库中，外键的作用是（）。', '关系数据库中，外键的作用是（）。
选项：A. 确保数据唯一性 B. 维护参照完整性 C. 提高查询性能 D. 减少存储空间', '["确保数据唯一性","维护参照完整性","提高查询性能","减少存储空间"]', '维护参照完整性', '外键用于维护两个表之间的参照完整性，确保子表中的外键值必须在父表的主键中存在，或者为空值。', 1, 2, 'mock', 0, 0, NOW(), NOW());
INSERT INTO question (id, front_mock_id, subject_name, category_name, paper_year, name, intro, options, answer, analysis, question_type, difficulty, source_type, is_deleted, read_ct, create_time, update_time) VALUES (1009, 'db002', '数据库系统工程师', 'SQL语言', 2023, '在SQL中，用于删除表中所有记录但保留表结构的语句是（）。', '在SQL中，用于删除表中所有记录但保留表结构的语句是（）。
选项：A. DROP TABLE B. DELETE FROM C. TRUNCATE TABLE D. ALTER TABLE', '["DROP TABLE","DELETE FROM","TRUNCATE TABLE","ALTER TABLE"]', 'TRUNCATE TABLE', 'TRUNCATE TABLE语句用于删除表中的所有行，但保留表结构。相比DELETE FROM，TRUNCATE执行更快且不能回滚。', 1, 1, 'mock', 0, 0, NOW(), NOW());
INSERT INTO question (id, front_mock_id, subject_name, category_name, paper_year, name, intro, options, answer, analysis, question_type, difficulty, source_type, is_deleted, read_ct, create_time, update_time) VALUES (1010, 'sd006', '软件设计师', '数据结构', 2023, '在一个有n个节点的完全二叉树中，叶子节点的个数是（）。', '在一个有n个节点的完全二叉树中，叶子节点的个数是（）。
选项：A. n/2 B. ⌈n/2⌉ C. ⌊n/2⌋ D. n-1', '["n/2","⌈n/2⌉","⌊n/2⌋","n-1"]', '⌈n/2⌉', '在完全二叉树中，叶子节点个数等于⌈n/2⌉，其中n是总节点数。这是完全二叉树的一个重要性质。', 1, 3, 'mock', 0, 0, NOW(), NOW());
INSERT INTO question (id, front_mock_id, subject_name, category_name, paper_year, name, intro, options, answer, analysis, question_type, difficulty, source_type, is_deleted, read_ct, create_time, update_time) VALUES (1011, 'sd007', '软件设计师', '算法设计', 2023, '以下哪些是常见的时间复杂度（）。', '以下哪些是常见的时间复杂度（）。
选项：A. O(1) B. O(log n) C. O(n) D. O(n²) E. O(2ⁿ)', '["O(1)","O(log n)","O(n)","O(n²)","O(2ⁿ)"]', 'O(1),O(log n),O(n),O(n²)', '常见的时间复杂度包括：O(1)常数时间、O(log n)对数时间、O(n)线性时间、O(n²)平方时间。O(2ⁿ)指数时间虽然存在但通常不认为是"常见"的。', 2, 2, 'mock', 0, 0, NOW(), NOW());
INSERT INTO question (id, front_mock_id, subject_name, category_name, paper_year, name, intro, options, answer, analysis, question_type, difficulty, source_type, is_deleted, read_ct, create_time, update_time) VALUES (1012, 'sd008', '软件设计师', '软件工程', 2023, '敏捷开发强调文档的重要性胜过代码的可读性。', '敏捷开发强调文档的重要性胜过代码的可读性。
选项：A. 正确 B. 错误', '["正确","错误"]', '错误', '敏捷开发强调"工作的软件胜过详尽的文档"，更注重代码的可读性和可维护性，而不是过度的文档。', 3, 1, 'mock', 0, 0, NOW(), NOW());
INSERT INTO question (id, front_mock_id, subject_name, category_name, paper_year, name, intro, options, answer, analysis, question_type, difficulty, source_type, is_deleted, read_ct, create_time, update_time) VALUES (1013, 'sd009', '软件设计师', '计算机网络', 2023, 'HTTP协议默认使用的端口号是（）。', 'HTTP协议默认使用的端口号是（）。', '[]', '80', 'HTTP协议默认使用80端口，HTTPS协议默认使用443端口。', 4, 2, 'mock', 0, 0, NOW(), NOW());
INSERT INTO question (id, front_mock_id, subject_name, category_name, paper_year, name, intro, options, answer, analysis, question_type, difficulty, source_type, is_deleted, read_ct, create_time, update_time) VALUES (1014, 'sd010', '软件设计师', '软件测试', 2023, '以下哪种测试方法属于黑盒测试（）。', '以下哪种测试方法属于黑盒测试（）。
选项：A. 单元测试 B. 集成测试 C. 等价类划分 D. 代码审查', '["单元测试","集成测试","等价类划分","代码审查"]', '等价类划分', '等价类划分是黑盒测试的一种方法，不需要了解程序内部结构，只根据输入输出规格进行测试。', 1, 2, 'mock', 0, 0, NOW(), NOW());
INSERT INTO question (id, front_mock_id, subject_name, category_name, paper_year, name, intro, options, answer, analysis, question_type, difficulty, source_type, is_deleted, read_ct, create_time, update_time) VALUES (1015, 'sa003', '系统架构设计师', '系统架构设计基础', 2023, '在微服务架构中，服务发现的主要作用是（）。', '在微服务架构中，服务发现的主要作用是（）。
选项：A. 负载均衡 B. 服务注册与发现 C. 数据存储 D. 安全认证', '["负载均衡","服务注册与发现","数据存储","安全认证"]', '服务注册与发现', '服务发现是微服务架构中的核心组件，负责服务的注册、发现和路由，使得服务之间能够相互通信。', 1, 3, 'mock', 0, 0, NOW(), NOW());
INSERT INTO question (id, front_mock_id, subject_name, category_name, paper_year, name, intro, options, answer, analysis, question_type, difficulty, source_type, is_deleted, read_ct, create_time, update_time) VALUES (1016, 'sa004', '系统架构设计师', '分布式系统', 2023, '分布式系统中的一致性模型包括（）。', '分布式系统中的一致性模型包括（）。
选项：A. 强一致性 B. 弱一致性 C. 最终一致性 D. 因果一致性 E. 线性一致性', '["强一致性","弱一致性","最终一致性","因果一致性","线性一致性"]', '强一致性,弱一致性,最终一致性,因果一致性', '分布式系统的一致性模型主要包括强一致性、弱一致性、最终一致性和因果一致性。线性一致性是强一致性的一种特殊情况。', 2, 3, 'mock', 0, 0, NOW(), NOW());
INSERT INTO question (id, front_mock_id, subject_name, category_name, paper_year, name, intro, options, answer, analysis, question_type, difficulty, source_type, is_deleted, read_ct, create_time, update_time) VALUES (1017, 'sa005', '系统架构设计师', '系统架构设计基础', 2023, 'SOA（面向服务架构）和微服务架构是相同的概念。', 'SOA（面向服务架构）和微服务架构是相同的概念。
选项：A. 正确 B. 错误', '["正确","错误"]', '错误', 'SOA和微服务架构虽然都强调服务化，但微服务是SOA的一种演进形式，更强调服务的细粒度、独立部署和去中心化治理。', 3, 2, 'mock', 0, 0, NOW(), NOW());
INSERT INTO question (id, front_mock_id, subject_name, category_name, paper_year, name, intro, options, answer, analysis, question_type, difficulty, source_type, is_deleted, read_ct, create_time, update_time) VALUES (1018, 'db003', '数据库系统工程师', '数据库基础', 2023, '在关系数据库中，第三范式（3NF）要求（）。', '在关系数据库中，第三范式（3NF）要求（）。
选项：A. 消除部分函数依赖 B. 消除传递函数依赖 C. 消除多值依赖 D. 消除冗余数据', '["消除部分函数依赖","消除传递函数依赖","消除多值依赖","消除冗余数据"]', '消除传递函数依赖', '第三范式（3NF）要求消除传递函数依赖，即非主属性不能依赖于其他非主属性。', 1, 2, 'mock', 0, 0, NOW(), NOW());
INSERT INTO question (id, front_mock_id, subject_name, category_name, paper_year, name, intro, options, answer, analysis, question_type, difficulty, source_type, is_deleted, read_ct, create_time, update_time) VALUES (1019, 'db004', '数据库系统工程师', '数据库设计', 2023, '数据库索引的类型包括（）。', '数据库索引的类型包括（）。
选项：A. B+树索引 B. 哈希索引 C. 位图索引 D. 全文索引 E. 聚簇索引', '["B+树索引","哈希索引","位图索引","全文索引","聚簇索引"]', 'B+树索引,哈希索引,位图索引,全文索引', '常见的数据库索引类型包括B+树索引、哈希索引、位图索引和全文索引。聚簇索引是B+树索引的一种特殊形式。', 2, 2, 'mock', 0, 0, NOW(), NOW());
INSERT INTO question (id, front_mock_id, subject_name, category_name, paper_year, name, intro, options, answer, analysis, question_type, difficulty, source_type, is_deleted, read_ct, create_time, update_time) VALUES (1020, 'db005', '数据库系统工程师', 'SQL语言', 2023, '在SQL中，GROUP BY子句必须与聚合函数一起使用。', '在SQL中，GROUP BY子句必须与聚合函数一起使用。
选项：A. 正确 B. 错误', '["正确","错误"]', '正确', 'GROUP BY子句用于对查询结果进行分组，通常与聚合函数（如COUNT、SUM、AVG等）一起使用，对每个分组进行统计计算。', 3, 1, 'mock', 0, 0, NOW(), NOW());
INSERT INTO question (id, front_mock_id, subject_name, category_name, paper_year, name, intro, options, answer, analysis, question_type, difficulty, source_type, is_deleted, read_ct, create_time, update_time) VALUES (1021, 'db006', '数据库系统工程师', '数据库基础', 2023, 'ACID特性中的A代表（）。', 'ACID特性中的A代表（）。', '[]', '原子性', 'ACID特性包括：A-原子性（Atomicity）、C-一致性（Consistency）、I-隔离性（Isolation）、D-持久性（Durability）。', 4, 2, 'mock', 0, 0, NOW(), NOW());
INSERT INTO question (id, front_mock_id, subject_name, category_name, paper_year, name, intro, options, answer, analysis, question_type, difficulty, source_type, is_deleted, read_ct, create_time, update_time) VALUES (1022, 'ne001', '网络工程师', '网络基础', 2023, 'OSI七层模型中，传输层对应的是（）。', 'OSI七层模型中，传输层对应的是（）。
选项：A. 第3层 B. 第4层 C. 第5层 D. 第6层', '["第3层","第4层","第5层","第6层"]', '第4层', 'OSI七层模型中，传输层是第4层，负责端到端的数据传输，主要协议有TCP和UDP。', 1, 1, 'mock', 0, 0, NOW(), NOW());
INSERT INTO question (id, front_mock_id, subject_name, category_name, paper_year, name, intro, options, answer, analysis, question_type, difficulty, source_type, is_deleted, read_ct, create_time, update_time) VALUES (1023, 'ne002', '网络工程师', '网络协议', 2023, '以下哪些是TCP协议的特点（）。', '以下哪些是TCP协议的特点（）。
选项：A. 面向连接 B. 可靠传输 C. 无连接 D. 流量控制 E. 拥塞控制', '["面向连接","可靠传输","无连接","流量控制","拥塞控制"]', '面向连接,可靠传输,流量控制,拥塞控制', 'TCP协议的特点包括面向连接、可靠传输、流量控制和拥塞控制。UDP协议才是无连接的。', 2, 2, 'mock', 0, 0, NOW(), NOW());
INSERT INTO question (id, front_mock_id, subject_name, category_name, paper_year, name, intro, options, answer, analysis, question_type, difficulty, source_type, is_deleted, read_ct, create_time, update_time) VALUES (1024, 'ne003', '网络工程师', '网络安全', 2023, '防火墙只能阻止外部网络对内部网络的攻击。', '防火墙只能阻止外部网络对内部网络的攻击。
选项：A. 正确 B. 错误', '["正确","错误"]', '错误', '防火墙可以双向工作，既能阻止外部网络对内部网络的攻击，也能控制内部网络对外部网络的访问。', 3, 2, 'mock', 0, 0, NOW(), NOW());
INSERT INTO question (id, front_mock_id, subject_name, category_name, paper_year, name, intro, options, answer, analysis, question_type, difficulty, source_type, is_deleted, read_ct, create_time, update_time) VALUES (1025, 'ne004', '网络工程师', '网络设备', 2023, '交换机工作在OSI模型的（）。', '交换机工作在OSI模型的（）。
选项：A. 物理层 B. 数据链路层 C. 网络层 D. 传输层', '["物理层","数据链路层","网络层","传输层"]', '数据链路层', '交换机主要工作在OSI模型的数据链路层（第2层），通过MAC地址进行数据转发。', 1, 2, 'mock', 0, 0, NOW(), NOW());
INSERT INTO question (id, front_mock_id, subject_name, category_name, paper_year, name, intro, options, answer, analysis, question_type, difficulty, source_type, is_deleted, read_ct, create_time, update_time) VALUES (1026, 'ne005', '网络工程师', '网络基础', 2023, 'IPv4地址的长度是（）位。', 'IPv4地址的长度是（）位。', '[]', '32', 'IPv4地址使用32位二进制数表示，通常用点分十进制表示法，如192.168.1.1。', 4, 1, 'mock', 0, 0, NOW(), NOW());

INSERT INTO paper_question_relation (paper_id, question_id, score, create_time, update_time) VALUES (101, 1006, 1.00, NOW(), NOW());
INSERT INTO paper_question_relation (paper_id, question_id, score, create_time, update_time) VALUES (101, 1007, 1.00, NOW(), NOW());
INSERT INTO paper_question_relation (paper_id, question_id, score, create_time, update_time) VALUES (101, 1015, 1.00, NOW(), NOW());
INSERT INTO paper_question_relation (paper_id, question_id, score, create_time, update_time) VALUES (101, 1016, 1.00, NOW(), NOW());
INSERT INTO paper_question_relation (paper_id, question_id, score, create_time, update_time) VALUES (101, 1017, 1.00, NOW(), NOW());
INSERT INTO paper_question_relation (paper_id, question_id, score, create_time, update_time) VALUES (102, 1006, 1.00, NOW(), NOW());
INSERT INTO paper_question_relation (paper_id, question_id, score, create_time, update_time) VALUES (102, 1007, 1.00, NOW(), NOW());
INSERT INTO paper_question_relation (paper_id, question_id, score, create_time, update_time) VALUES (102, 1015, 1.00, NOW(), NOW());
INSERT INTO paper_question_relation (paper_id, question_id, score, create_time, update_time) VALUES (102, 1016, 1.00, NOW(), NOW());
INSERT INTO paper_question_relation (paper_id, question_id, score, create_time, update_time) VALUES (102, 1017, 1.00, NOW(), NOW());
INSERT INTO paper_question_relation (paper_id, question_id, score, create_time, update_time) VALUES (103, 1006, 1.00, NOW(), NOW());
INSERT INTO paper_question_relation (paper_id, question_id, score, create_time, update_time) VALUES (103, 1007, 1.00, NOW(), NOW());
INSERT INTO paper_question_relation (paper_id, question_id, score, create_time, update_time) VALUES (103, 1015, 1.00, NOW(), NOW());
INSERT INTO paper_question_relation (paper_id, question_id, score, create_time, update_time) VALUES (103, 1016, 1.00, NOW(), NOW());
INSERT INTO paper_question_relation (paper_id, question_id, score, create_time, update_time) VALUES (103, 1017, 1.00, NOW(), NOW());
INSERT INTO paper_question_relation (paper_id, question_id, score, create_time, update_time) VALUES (104, 1006, 1.00, NOW(), NOW());
INSERT INTO paper_question_relation (paper_id, question_id, score, create_time, update_time) VALUES (104, 1007, 1.00, NOW(), NOW());
INSERT INTO paper_question_relation (paper_id, question_id, score, create_time, update_time) VALUES (104, 1015, 1.00, NOW(), NOW());
INSERT INTO paper_question_relation (paper_id, question_id, score, create_time, update_time) VALUES (104, 1016, 1.00, NOW(), NOW());
INSERT INTO paper_question_relation (paper_id, question_id, score, create_time, update_time) VALUES (104, 1017, 1.00, NOW(), NOW());
INSERT INTO paper_question_relation (paper_id, question_id, score, create_time, update_time) VALUES (105, 1006, 1.00, NOW(), NOW());
INSERT INTO paper_question_relation (paper_id, question_id, score, create_time, update_time) VALUES (105, 1007, 1.00, NOW(), NOW());
INSERT INTO paper_question_relation (paper_id, question_id, score, create_time, update_time) VALUES (105, 1015, 1.00, NOW(), NOW());
INSERT INTO paper_question_relation (paper_id, question_id, score, create_time, update_time) VALUES (105, 1016, 1.00, NOW(), NOW());
INSERT INTO paper_question_relation (paper_id, question_id, score, create_time, update_time) VALUES (105, 1017, 1.00, NOW(), NOW());
INSERT INTO paper_question_relation (paper_id, question_id, score, create_time, update_time) VALUES (106, 1006, 1.00, NOW(), NOW());
INSERT INTO paper_question_relation (paper_id, question_id, score, create_time, update_time) VALUES (106, 1007, 1.00, NOW(), NOW());
INSERT INTO paper_question_relation (paper_id, question_id, score, create_time, update_time) VALUES (106, 1015, 1.00, NOW(), NOW());
INSERT INTO paper_question_relation (paper_id, question_id, score, create_time, update_time) VALUES (106, 1016, 1.00, NOW(), NOW());
INSERT INTO paper_question_relation (paper_id, question_id, score, create_time, update_time) VALUES (106, 1017, 1.00, NOW(), NOW());
INSERT INTO paper_question_relation (paper_id, question_id, score, create_time, update_time) VALUES (107, 1006, 1.00, NOW(), NOW());
INSERT INTO paper_question_relation (paper_id, question_id, score, create_time, update_time) VALUES (107, 1007, 1.00, NOW(), NOW());
INSERT INTO paper_question_relation (paper_id, question_id, score, create_time, update_time) VALUES (107, 1015, 1.00, NOW(), NOW());
INSERT INTO paper_question_relation (paper_id, question_id, score, create_time, update_time) VALUES (107, 1016, 1.00, NOW(), NOW());
INSERT INTO paper_question_relation (paper_id, question_id, score, create_time, update_time) VALUES (107, 1017, 1.00, NOW(), NOW());
INSERT INTO paper_question_relation (paper_id, question_id, score, create_time, update_time) VALUES (108, 1006, 1.00, NOW(), NOW());
INSERT INTO paper_question_relation (paper_id, question_id, score, create_time, update_time) VALUES (108, 1007, 1.00, NOW(), NOW());
INSERT INTO paper_question_relation (paper_id, question_id, score, create_time, update_time) VALUES (108, 1015, 1.00, NOW(), NOW());
INSERT INTO paper_question_relation (paper_id, question_id, score, create_time, update_time) VALUES (108, 1016, 1.00, NOW(), NOW());
INSERT INTO paper_question_relation (paper_id, question_id, score, create_time, update_time) VALUES (108, 1017, 1.00, NOW(), NOW());
INSERT INTO paper_question_relation (paper_id, question_id, score, create_time, update_time) VALUES (109, 1006, 1.00, NOW(), NOW());
INSERT INTO paper_question_relation (paper_id, question_id, score, create_time, update_time) VALUES (109, 1007, 1.00, NOW(), NOW());
INSERT INTO paper_question_relation (paper_id, question_id, score, create_time, update_time) VALUES (109, 1015, 1.00, NOW(), NOW());
INSERT INTO paper_question_relation (paper_id, question_id, score, create_time, update_time) VALUES (109, 1016, 1.00, NOW(), NOW());
INSERT INTO paper_question_relation (paper_id, question_id, score, create_time, update_time) VALUES (109, 1017, 1.00, NOW(), NOW());
INSERT INTO paper_question_relation (paper_id, question_id, score, create_time, update_time) VALUES (110, 1006, 1.00, NOW(), NOW());
INSERT INTO paper_question_relation (paper_id, question_id, score, create_time, update_time) VALUES (110, 1007, 1.00, NOW(), NOW());
INSERT INTO paper_question_relation (paper_id, question_id, score, create_time, update_time) VALUES (110, 1015, 1.00, NOW(), NOW());
INSERT INTO paper_question_relation (paper_id, question_id, score, create_time, update_time) VALUES (110, 1016, 1.00, NOW(), NOW());
INSERT INTO paper_question_relation (paper_id, question_id, score, create_time, update_time) VALUES (110, 1017, 1.00, NOW(), NOW());
INSERT INTO paper_question_relation (paper_id, question_id, score, create_time, update_time) VALUES (111, 1006, 1.00, NOW(), NOW());
INSERT INTO paper_question_relation (paper_id, question_id, score, create_time, update_time) VALUES (111, 1007, 1.00, NOW(), NOW());
INSERT INTO paper_question_relation (paper_id, question_id, score, create_time, update_time) VALUES (111, 1015, 1.00, NOW(), NOW());
INSERT INTO paper_question_relation (paper_id, question_id, score, create_time, update_time) VALUES (111, 1016, 1.00, NOW(), NOW());
INSERT INTO paper_question_relation (paper_id, question_id, score, create_time, update_time) VALUES (111, 1017, 1.00, NOW(), NOW());
INSERT INTO paper_question_relation (paper_id, question_id, score, create_time, update_time) VALUES (112, 1006, 1.00, NOW(), NOW());
INSERT INTO paper_question_relation (paper_id, question_id, score, create_time, update_time) VALUES (112, 1007, 1.00, NOW(), NOW());
INSERT INTO paper_question_relation (paper_id, question_id, score, create_time, update_time) VALUES (112, 1015, 1.00, NOW(), NOW());
INSERT INTO paper_question_relation (paper_id, question_id, score, create_time, update_time) VALUES (112, 1016, 1.00, NOW(), NOW());
INSERT INTO paper_question_relation (paper_id, question_id, score, create_time, update_time) VALUES (112, 1017, 1.00, NOW(), NOW());

INSERT INTO practice_session (id, front_mock_id, user_id, paper_id, exam_mode, answered_count, start_time, end_time, score, total_score, status, source_type, is_deleted, create_time, update_time) VALUES (2001, 'ps001', 1, 107, 'exam', 0, STR_TO_DATE('2025-10-12 15:47:50', '%Y-%m-%d %H:%i:%s'), '1970-01-01 00:00:00', 0.00, 67.00, 0, 'mock', 0, STR_TO_DATE('2025-10-12 15:47:50', '%Y-%m-%d %H:%i:%s'), STR_TO_DATE('2025-10-12 15:47:50', '%Y-%m-%d %H:%i:%s'));
INSERT INTO practice_session (id, front_mock_id, user_id, paper_id, exam_mode, answered_count, start_time, end_time, score, total_score, status, source_type, is_deleted, create_time, update_time) VALUES (2002, 'ps002', 1, 102, 'practice', 0, STR_TO_DATE('2025-10-03 01:41:21', '%Y-%m-%d %H:%i:%s'), '1970-01-01 00:00:00', 0.00, 76.00, 0, 'mock', 0, STR_TO_DATE('2025-10-03 01:41:21', '%Y-%m-%d %H:%i:%s'), STR_TO_DATE('2025-10-03 01:41:21', '%Y-%m-%d %H:%i:%s'));
INSERT INTO practice_session (id, front_mock_id, user_id, paper_id, exam_mode, answered_count, start_time, end_time, score, total_score, status, source_type, is_deleted, create_time, update_time) VALUES (2003, 'ps003', 1, 102, 'practice', 1, STR_TO_DATE('2025-10-03 01:01:27', '%Y-%m-%d %H:%i:%s'), '1970-01-01 00:00:00', 0.00, 14.00, 0, 'mock', 0, STR_TO_DATE('2025-10-03 01:01:27', '%Y-%m-%d %H:%i:%s'), STR_TO_DATE('2025-10-03 01:01:27', '%Y-%m-%d %H:%i:%s'));
INSERT INTO practice_session (id, front_mock_id, user_id, paper_id, exam_mode, answered_count, start_time, end_time, score, total_score, status, source_type, is_deleted, create_time, update_time) VALUES (2004, 'ps004', 1, 105, 'practice', 0, STR_TO_DATE('2025-10-03 00:56:18', '%Y-%m-%d %H:%i:%s'), '1970-01-01 00:00:00', 0.00, 75.00, 0, 'mock', 0, STR_TO_DATE('2025-10-03 00:56:18', '%Y-%m-%d %H:%i:%s'), STR_TO_DATE('2025-10-03 00:56:18', '%Y-%m-%d %H:%i:%s'));
INSERT INTO practice_session (id, front_mock_id, user_id, paper_id, exam_mode, answered_count, start_time, end_time, score, total_score, status, source_type, is_deleted, create_time, update_time) VALUES (2005, 'ps005', 1, 108, 'practice', 2, STR_TO_DATE('2025-10-02 17:46:49', '%Y-%m-%d %H:%i:%s'), '1970-01-01 00:00:00', 0.00, 72.00, 0, 'mock', 0, STR_TO_DATE('2025-10-02 17:46:49', '%Y-%m-%d %H:%i:%s'), STR_TO_DATE('2025-10-02 17:46:49', '%Y-%m-%d %H:%i:%s'));
INSERT INTO practice_session (id, front_mock_id, user_id, paper_id, exam_mode, answered_count, start_time, end_time, score, total_score, status, source_type, is_deleted, create_time, update_time) VALUES (2006, 'ps006', 1, 103, 'practice', 1, STR_TO_DATE('2025-10-02 17:39:43', '%Y-%m-%d %H:%i:%s'), '1970-01-01 00:00:00', 0.00, 13.00, 0, 'mock', 0, STR_TO_DATE('2025-10-02 17:39:43', '%Y-%m-%d %H:%i:%s'), STR_TO_DATE('2025-10-02 17:39:43', '%Y-%m-%d %H:%i:%s'));
INSERT INTO practice_session (id, front_mock_id, user_id, paper_id, exam_mode, answered_count, start_time, end_time, score, total_score, status, source_type, is_deleted, create_time, update_time) VALUES (2007, 'ps007', 1, 106, 'practice', 0, STR_TO_DATE('2025-10-02 17:17:49', '%Y-%m-%d %H:%i:%s'), '1970-01-01 00:00:00', 0.00, 73.00, 0, 'mock', 0, STR_TO_DATE('2025-10-02 17:17:49', '%Y-%m-%d %H:%i:%s'), STR_TO_DATE('2025-10-02 17:17:49', '%Y-%m-%d %H:%i:%s'));
INSERT INTO practice_session (id, front_mock_id, user_id, paper_id, exam_mode, answered_count, start_time, end_time, score, total_score, status, source_type, is_deleted, create_time, update_time) VALUES (2008, 'ps008', 1, 104, 'practice', 0, STR_TO_DATE('2025-10-02 17:17:24', '%Y-%m-%d %H:%i:%s'), '1970-01-01 00:00:00', 0.00, 65.00, 0, 'mock', 0, STR_TO_DATE('2025-10-02 17:17:24', '%Y-%m-%d %H:%i:%s'), STR_TO_DATE('2025-10-02 17:17:24', '%Y-%m-%d %H:%i:%s'));

INSERT INTO user_wrong_question_stat (id, source_front_id, source_type, user_id, paper_id, question_id, question_name, paper_name, topic_type, error_count, importance_level, last_wrong_time, create_time, update_time, is_deleted) VALUES (3001, 'pr001', 'practice_record', 1, 102, NULL, '专业英语', '24年11月系统架构真题', '单选题', 2, 'low', STR_TO_DATE('2025-10-03 01:41:30', '%Y-%m-%d %H:%i:%s'), STR_TO_DATE('2025-10-03 01:41:30', '%Y-%m-%d %H:%i:%s'), STR_TO_DATE('2025-10-03 01:41:30', '%Y-%m-%d %H:%i:%s'), 0);
INSERT INTO user_wrong_question_stat (id, source_front_id, source_type, user_id, paper_id, question_id, question_name, paper_name, topic_type, error_count, importance_level, last_wrong_time, create_time, update_time, is_deleted) VALUES (3002, 'pr002', 'practice_record', 1, 102, NULL, '新技术应用', '系统分析师 2024年11月 综合知识', '单选题', 2, 'medium', STR_TO_DATE('2025-07-11 20:57:25', '%Y-%m-%d %H:%i:%s'), STR_TO_DATE('2025-07-11 20:57:25', '%Y-%m-%d %H:%i:%s'), STR_TO_DATE('2025-07-11 20:57:25', '%Y-%m-%d %H:%i:%s'), 0);
INSERT INTO user_wrong_question_stat (id, source_front_id, source_type, user_id, paper_id, question_id, question_name, paper_name, topic_type, error_count, importance_level, last_wrong_time, create_time, update_time, is_deleted) VALUES (3003, 'pr003', 'practice_record', 1, 108, NULL, '进度管理', '2019年系统架构真题', '单选题', 1, 'medium', STR_TO_DATE('2025-10-15 01:26:14', '%Y-%m-%d %H:%i:%s'), STR_TO_DATE('2025-10-15 01:26:14', '%Y-%m-%d %H:%i:%s'), STR_TO_DATE('2025-10-15 01:26:14', '%Y-%m-%d %H:%i:%s'), 0);
INSERT INTO user_wrong_question_stat (id, source_front_id, source_type, user_id, paper_id, question_id, question_name, paper_name, topic_type, error_count, importance_level, last_wrong_time, create_time, update_time, is_deleted) VALUES (3004, 'pr004', 'practice_record', 1, 108, NULL, '特殊数据库系统', '2019年系统架构真题', '单选题', 1, 'low', STR_TO_DATE('2025-10-15 01:16:03', '%Y-%m-%d %H:%i:%s'), STR_TO_DATE('2025-10-15 01:16:03', '%Y-%m-%d %H:%i:%s'), STR_TO_DATE('2025-10-15 01:16:03', '%Y-%m-%d %H:%i:%s'), 0);
INSERT INTO user_wrong_question_stat (id, source_front_id, source_type, user_id, paper_id, question_id, question_name, paper_name, topic_type, error_count, importance_level, last_wrong_time, create_time, update_time, is_deleted) VALUES (3005, 'pr005', 'practice_record', 1, 108, NULL, '信息安全基础知识', '2019年系统架构真题', '单选题', 1, 'must', STR_TO_DATE('2025-10-15 01:11:10', '%Y-%m-%d %H:%i:%s'), STR_TO_DATE('2025-10-15 01:11:10', '%Y-%m-%d %H:%i:%s'), STR_TO_DATE('2025-10-15 01:11:10', '%Y-%m-%d %H:%i:%s'), 0);
INSERT INTO user_wrong_question_stat (id, source_front_id, source_type, user_id, paper_id, question_id, question_name, paper_name, topic_type, error_count, importance_level, last_wrong_time, create_time, update_time, is_deleted) VALUES (3006, 'pr006', 'practice_record', 1, 108, NULL, '前趋图', '2019年系统架构真题', '单选题', 1, 'medium', STR_TO_DATE('2025-10-12 18:29:13', '%Y-%m-%d %H:%i:%s'), STR_TO_DATE('2025-10-12 18:29:13', '%Y-%m-%d %H:%i:%s'), STR_TO_DATE('2025-10-12 18:29:13', '%Y-%m-%d %H:%i:%s'), 0);
INSERT INTO user_wrong_question_stat (id, source_front_id, source_type, user_id, paper_id, question_id, question_name, paper_name, topic_type, error_count, importance_level, last_wrong_time, create_time, update_time, is_deleted) VALUES (3007, 'pr007', 'practice_record', 1, 101, NULL, '芯片温度等级', '25年5月系统架构师真题', '单选题', 1, 'high', STR_TO_DATE('2025-10-12 17:05:02', '%Y-%m-%d %H:%i:%s'), STR_TO_DATE('2025-10-12 17:05:02', '%Y-%m-%d %H:%i:%s'), STR_TO_DATE('2025-10-12 17:05:02', '%Y-%m-%d %H:%i:%s'), 0);
INSERT INTO user_wrong_question_stat (id, source_front_id, source_type, user_id, paper_id, question_id, question_name, paper_name, topic_type, error_count, importance_level, last_wrong_time, create_time, update_time, is_deleted) VALUES (3008, 'pr008', 'practice_record', 1, 102, NULL, '专业英语', '24年11月系统架构真题', '单选题', 1, 'low', STR_TO_DATE('2025-10-03 01:41:38', '%Y-%m-%d %H:%i:%s'), STR_TO_DATE('2025-10-03 01:41:38', '%Y-%m-%d %H:%i:%s'), STR_TO_DATE('2025-10-03 01:41:38', '%Y-%m-%d %H:%i:%s'), 0);
INSERT INTO user_wrong_question_stat (id, source_front_id, source_type, user_id, paper_id, question_id, question_name, paper_name, topic_type, error_count, importance_level, last_wrong_time, create_time, update_time, is_deleted) VALUES (3009, 'pr009', 'practice_record', 1, 102, NULL, '软件设计基础', '24年11月系统架构真题', '单选题', 3, 'high', STR_TO_DATE('2025-09-28 14:22:11', '%Y-%m-%d %H:%i:%s'), STR_TO_DATE('2025-09-28 14:22:11', '%Y-%m-%d %H:%i:%s'), STR_TO_DATE('2025-09-28 14:22:11', '%Y-%m-%d %H:%i:%s'), 0);
INSERT INTO user_wrong_question_stat (id, source_front_id, source_type, user_id, paper_id, question_id, question_name, paper_name, topic_type, error_count, importance_level, last_wrong_time, create_time, update_time, is_deleted) VALUES (3010, 'pr010', 'practice_record', 1, 101, NULL, '数据库优化', '23年5月系统架构师真题', '单选题', 2, 'medium', STR_TO_DATE('2025-09-20 09:15:45', '%Y-%m-%d %H:%i:%s'), STR_TO_DATE('2025-09-20 09:15:45', '%Y-%m-%d %H:%i:%s'), STR_TO_DATE('2025-09-20 09:15:45', '%Y-%m-%d %H:%i:%s'), 0);
INSERT INTO user_wrong_question_stat (id, source_front_id, source_type, user_id, paper_id, question_id, question_name, paper_name, topic_type, error_count, importance_level, last_wrong_time, create_time, update_time, is_deleted) VALUES (3011, 'wq001', 'wrong_question', 1, 102, NULL, '专业英语', '24年11月系统架构真题', '单选题', 2, 'low', STR_TO_DATE('2025-10-03 01:41:30', '%Y-%m-%d %H:%i:%s'), STR_TO_DATE('2025-10-03 01:41:30', '%Y-%m-%d %H:%i:%s'), STR_TO_DATE('2025-10-03 01:41:30', '%Y-%m-%d %H:%i:%s'), 0);
INSERT INTO user_wrong_question_stat (id, source_front_id, source_type, user_id, paper_id, question_id, question_name, paper_name, topic_type, error_count, importance_level, last_wrong_time, create_time, update_time, is_deleted) VALUES (3012, 'wq002', 'wrong_question', 1, 102, NULL, '新技术应用', '系统分析师 2024年11月 综合知识', '单选题', 2, 'medium', STR_TO_DATE('2025-07-11 20:57:25', '%Y-%m-%d %H:%i:%s'), STR_TO_DATE('2025-07-11 20:57:25', '%Y-%m-%d %H:%i:%s'), STR_TO_DATE('2025-07-11 20:57:25', '%Y-%m-%d %H:%i:%s'), 0);
INSERT INTO user_wrong_question_stat (id, source_front_id, source_type, user_id, paper_id, question_id, question_name, paper_name, topic_type, error_count, importance_level, last_wrong_time, create_time, update_time, is_deleted) VALUES (3013, 'wq003', 'wrong_question', 1, 108, NULL, '进度管理', '2019年系统架构真题', '单选题', 1, 'medium', STR_TO_DATE('2025-10-15 01:26:14', '%Y-%m-%d %H:%i:%s'), STR_TO_DATE('2025-10-15 01:26:14', '%Y-%m-%d %H:%i:%s'), STR_TO_DATE('2025-10-15 01:26:14', '%Y-%m-%d %H:%i:%s'), 0);
INSERT INTO user_wrong_question_stat (id, source_front_id, source_type, user_id, paper_id, question_id, question_name, paper_name, topic_type, error_count, importance_level, last_wrong_time, create_time, update_time, is_deleted) VALUES (3014, 'wq004', 'wrong_question', 1, 108, NULL, '特殊数据库系统', '2019年系统架构真题', '单选题', 1, 'low', STR_TO_DATE('2025-10-15 01:16:03', '%Y-%m-%d %H:%i:%s'), STR_TO_DATE('2025-10-15 01:16:03', '%Y-%m-%d %H:%i:%s'), STR_TO_DATE('2025-10-15 01:16:03', '%Y-%m-%d %H:%i:%s'), 0);
INSERT INTO user_wrong_question_stat (id, source_front_id, source_type, user_id, paper_id, question_id, question_name, paper_name, topic_type, error_count, importance_level, last_wrong_time, create_time, update_time, is_deleted) VALUES (3015, 'wq005', 'wrong_question', 1, 108, NULL, '信息安全基础知识', '2019年系统架构真题', '单选题', 1, 'must', STR_TO_DATE('2025-10-15 01:11:10', '%Y-%m-%d %H:%i:%s'), STR_TO_DATE('2025-10-15 01:11:10', '%Y-%m-%d %H:%i:%s'), STR_TO_DATE('2025-10-15 01:11:10', '%Y-%m-%d %H:%i:%s'), 0);
INSERT INTO user_wrong_question_stat (id, source_front_id, source_type, user_id, paper_id, question_id, question_name, paper_name, topic_type, error_count, importance_level, last_wrong_time, create_time, update_time, is_deleted) VALUES (3016, 'wq006', 'wrong_question', 1, 108, NULL, '前趋图', '2019年系统架构真题', '单选题', 1, 'medium', STR_TO_DATE('2025-10-12 18:29:13', '%Y-%m-%d %H:%i:%s'), STR_TO_DATE('2025-10-12 18:29:13', '%Y-%m-%d %H:%i:%s'), STR_TO_DATE('2025-10-12 18:29:13', '%Y-%m-%d %H:%i:%s'), 0);
INSERT INTO user_wrong_question_stat (id, source_front_id, source_type, user_id, paper_id, question_id, question_name, paper_name, topic_type, error_count, importance_level, last_wrong_time, create_time, update_time, is_deleted) VALUES (3017, 'wq007', 'wrong_question', 1, 101, NULL, '芯片温度等级', '25年5月系统架构师真题', '单选题', 1, 'high', STR_TO_DATE('2025-10-12 17:05:02', '%Y-%m-%d %H:%i:%s'), STR_TO_DATE('2025-10-12 17:05:02', '%Y-%m-%d %H:%i:%s'), STR_TO_DATE('2025-10-12 17:05:02', '%Y-%m-%d %H:%i:%s'), 0);
INSERT INTO user_wrong_question_stat (id, source_front_id, source_type, user_id, paper_id, question_id, question_name, paper_name, topic_type, error_count, importance_level, last_wrong_time, create_time, update_time, is_deleted) VALUES (3018, 'wq008', 'wrong_question', 1, 102, NULL, '专业英语', '24年11月系统架构真题', '单选题', 1, 'low', STR_TO_DATE('2025-10-03 01:41:38', '%Y-%m-%d %H:%i:%s'), STR_TO_DATE('2025-10-03 01:41:38', '%Y-%m-%d %H:%i:%s'), STR_TO_DATE('2025-10-03 01:41:38', '%Y-%m-%d %H:%i:%s'), 0);
